ENSG00000005893,P13473,LAMP2_HUMAN,Lysosome-associated membrane glycoprotein 2 (LAMP-2) (Lysosome-associated membrane protein 2) (CD107 antigen-like family member B) (LGP-96) (CD antigen CD107b),LAMP2
ENSG00000006744,Q9BQ52,RNZ2_HUMAN,Zinc phosphodiesterase ELAC protein 2 (EC 3.1.26.11) (ElaC homolog protein 2) (Heredity prostate cancer protein 2) (Ribonuclease Z 2) (RNase Z 2) (tRNA 3 endonuclease 2) (tRNase Z 2),ELAC2 HPC2
ENSG00000007314,P35499,SCN4A_HUMAN,Sodium channel protein type 4 subunit alpha (SkM1) (Sodium channel protein skeletal muscle subunit alpha) (Sodium channel protein type IV subunit alpha) (Voltage-gated sodium channel subunit alpha Nav1.4),SCN4A
ENSG00000010404,P22304,IDS_HUMAN,Iduronate 2-sulfatase (EC 3.1.6.13) (Alpha-L-iduronate sulfate sulfatase) (Idursulfase) [Cleaved into: Iduronate 2-sulfatase 42 kDa chain; Iduronate 2-sulfatase 14 kDa chain],IDS SIDS
ENSG00000010704,Q30201,HFE_HUMAN,Hereditary hemochromatosis protein (HLA-H),HFE HLAH
ENSG00000017427,P05019,IGF1_HUMAN,Insulin-like growth factor I (IGF-I) (Mechano growth factor) (MGF) (Somatomedin-C),IGF1 IBP1
ENSG00000022267,Q13642,FHL1_HUMAN,Four and a half LIM domains protein 1 (FHL-1) (Skeletal muscle LIM-protein 1) (SLIM) (SLIM-1),FHL1 SLIM1
ENSG00000029559,P21815,SIAL_HUMAN,Bone sialoprotein 2 (Bone sialoprotein II) (BSP II) (Cell-binding sialoprotein) (Integrin-binding sialoprotein),IBSP BNSP
ENSG00000033011,Q9BT22,ALG1_HUMAN,"Chitobiosyldiphosphodolichol beta-mannosyltransferase (EC 2.4.1.142) (Asparagine-linked glycosylation protein 1 homolog) (Beta-1,4-mannosyltransferase) (GDP-Man:GlcNAc2-PP-dolichol mannosyltransferase) (GDP-mannose-dolichol diphosphochitobiose mannosyltransferase) (Mannosyltransferase-1) (MT-1) (hMat-1)",ALG1 HMAT1 HMT1 PSEC0061 UNQ861/PRO1870
ENSG00000035403,P18206,VINC_HUMAN,Vinculin (Metavinculin) (MV),VCL
ENSG00000036828,P41180,CASR_HUMAN,Extracellular calcium-sensing receptor (CaR) (CaSR) (hCasR) (Parathyroid cell calcium-sensing receptor 1) (PCaR1),CASR GPRC2A PCAR1
ENSG00000038427,P13611,CSPG2_HUMAN,Versican core protein (Chondroitin sulfate proteoglycan core protein 2) (Chondroitin sulfate proteoglycan 2) (Glial hyaluronate-binding protein) (GHAP) (Large fibroblast proteoglycan) (PG-M),VCAN CSPG2
ENSG00000043591,P08588,ADRB1_HUMAN,Beta-1 adrenergic receptor (Beta-1 adrenoreceptor) (Beta-1 adrenoceptor),ADRB1 ADRB1R B1AR
ENSG00000046604,Q14126,DSG2_HUMAN,Desmoglein-2 (Cadherin family member 5) (HDGC),DSG2 CDHF5
ENSG00000046651,O75665,OFD1_HUMAN,Oral-facial-digital syndrome 1 protein (Protein 71-7A),OFD1 CXorf5
ENSG00000047457,P00450,CERU_HUMAN,Ceruloplasmin (EC 1.16.3.1) (Ferroxidase),CP
ENSG00000047597,P51811,XK_HUMAN,Membrane transport protein XK (Kell complex 37 kDa component) (Kx antigen) (XK-related protein 1),XK XKR1 XRG1
ENSG00000048052,Q9UKV0,HDAC9_HUMAN,Histone deacetylase 9 (HD9) (EC 3.5.1.98) (Histone deacetylase 7B) (HD7) (HD7b) (Histone deacetylase-related protein) (MEF2-interacting transcription repressor MITR),HDAC9 HDAC7 HDAC7B HDRP KIAA0744 MITR
ENSG00000049860,P07686,HEXB_HUMAN,Beta-hexosaminidase subunit beta (EC 3.2.1.52) (Beta-N-acetylhexosaminidase subunit beta) (Hexosaminidase subunit B) (Cervical cancer proto-oncogene 7 protein) (HCC-7) (N-acetyl-beta-glucosaminidase subunit beta) [Cleaved into: Beta-hexosaminidase subunit beta chain B; Beta-hexosaminidase subunit beta chain A],HEXB HCC7
ENSG00000054523,O60333,KIF1B_HUMAN,Kinesin-like protein KIF1B (Klp),KIF1B KIAA0591 KIAA1448
ENSG00000054654,Q8WXH0,SYNE2_HUMAN,Nesprin-2 (KASH domain-containing protein 2) (KASH2) (Nuclear envelope spectrin repeat protein 2) (Nucleus and actin connecting element protein) (Protein NUANCE) (Synaptic nuclear envelope protein 2) (Syne-2),SYNE2 KIAA1011 NUA
ENSG00000055118,Q12809,KCNH2_HUMAN,Potassium voltage-gated channel subfamily H member 2 (Eag homolog) (Ether-a-go-go-related gene potassium channel 1) (ERG-1) (Eag-related protein 1) (Ether-a-go-go-related protein 1) (H-ERG) (hERG-1) (hERG1) (Voltage-gated potassium channel subunit Kv11.1),KCNH2 ERG ERG1 HERG
ENSG00000061273,Q8WUI4,HDAC7_HUMAN,Histone deacetylase 7 (HD7) (EC 3.5.1.98) (Histone deacetylase 7A) (HD7a),HDAC7 HDAC7A
ENSG00000065361,P21860,ERBB3_HUMAN,Receptor tyrosine-protein kinase erbB-3 (EC 2.7.10.1) (Proto-oncogene-like protein c-ErbB-3) (Tyrosine kinase-type cell surface receptor HER3),ERBB3 HER3
ENSG00000067560,P61586,RHOA_HUMAN,Transforming protein RhoA (Rho cDNA clone 12) (h12),RHOA ARH12 ARHA RHO12
ENSG00000069431,O60706,ABCC9_HUMAN,ATP-binding cassette sub-family C member 9 (Sulfonylurea receptor 2),ABCC9 SUR2
ENSG00000070831,P60953,CDC42_HUMAN,Cell division control protein 42 homolog (G25K GTP-binding protein),CDC42
ENSG00000072195,Q15772,SPEG_HUMAN,Striated muscle preferentially expressed protein kinase (EC 2.7.11.1) (Aortic preferentially expressed protein 1) (APEG-1),SPEG APEG1 KIAA1297
ENSG00000072310,P36956,SRBP1_HUMAN,Sterol regulatory element-binding protein 1 (SREBP-1) (Class D basic helix-loop-helix protein 1) (bHLHd1) (Sterol regulatory element-binding transcription factor 1) [Cleaved into: Processed sterol regulatory element-binding protein 1],SREBF1 BHLHD1 SREBP1
ENSG00000072756,Q96Q11,TRNT1_HUMAN,"CCA tRNA nucleotidyltransferase 1, mitochondrial (EC 2.7.7.72) (Mitochondrial tRNA nucleotidyl transferase, CCA-adding) (mt CCA-adding enzyme) (mt tRNA CCA-diphosphorylase) (mt tRNA CCA-pyrophosphorylase) (mt tRNA adenylyltransferase)",TRNT1 CGI-47
ENSG00000072840,P57679,EVC_HUMAN,Ellis-van Creveld syndrome protein (DWF-1),EVC
ENSG00000073578,P31040,SDHA_HUMAN,"Succinate dehydrogenase [ubiquinone] flavoprotein subunit, mitochondrial (EC 1.3.5.1) (Flavoprotein subunit of complex II) (Fp)",SDHA SDH2 SDHF
ENSG00000073756,P35354,PGH2_HUMAN,Prostaglandin G/H synthase 2 (EC 1.14.99.1) (Cyclooxygenase-2) (COX-2) (PHS II) (Prostaglandin H2 synthase 2) (PGH synthase 2) (PGHS-2) (Prostaglandin-endoperoxide synthase 2),PTGS2 COX2
ENSG00000077522,P35609,ACTN2_HUMAN,Alpha-actinin-2 (Alpha-actinin skeletal muscle isoform 2) (F-actin cross-linking protein),ACTN2
ENSG00000078401,P05305,EDN1_HUMAN,Endothelin-1 (Preproendothelin-1) (PPET1) [Cleaved into: Endothelin-1 (ET-1); Big endothelin-1],EDN1
ENSG00000079739,P36871,PGM1_HUMAN,Phosphoglucomutase-1 (PGM 1) (EC 5.4.2.2) (Glucose phosphomutase 1),PGM1
ENSG00000080815,P49768,PSN1_HUMAN,Presenilin-1 (PS-1) (EC 3.4.23.-) (Protein S182) [Cleaved into: Presenilin-1 NTF subunit; Presenilin-1 CTF subunit; Presenilin-1 CTF12 (PS1-CTF12)],PSEN1 AD3 PS1 PSNL1
ENSG00000081189,Q06413,MEF2C_HUMAN,Myocyte-specific enhancer factor 2C (Myocyte enhancer factor 2C),MEF2C
ENSG00000083444,Q02809,PLOD1_HUMAN,"Procollagen-lysine,2-oxoglutarate 5-dioxygenase 1 (EC 1.14.11.4) (Lysyl hydroxylase 1) (LH1)",PLOD1 LLH PLOD
ENSG00000084093,Q13127,REST_HUMAN,RE1-silencing transcription factor (Neural-restrictive silencer factor) (X2 box repressor),REST NRSF XBR
ENSG00000084754,P40939,ECHA_HUMAN,"Trifunctional enzyme subunit alpha, mitochondrial (78 kDa gastrin-binding protein) (TP-alpha) [Includes: Long-chain enoyl-CoA hydratase (EC 4.2.1.17); Long chain 3-hydroxyacyl-CoA dehydrogenase (EC 1.1.1.211)]",HADHA HADH
ENSG00000087460,Q5JWF2,GNAS1_HUMAN,Guanine nucleotide-binding protein G(s) subunit alpha isoforms XLas (Adenylate cyclase-stimulating G alpha protein) (Extra large alphas protein) (XLalphas),GNAS GNAS1
ENSG00000088256,P29992,GNA11_HUMAN,Guanine nucleotide-binding protein subunit alpha-11 (G alpha-11) (G-protein subunit alpha-11) (Guanine nucleotide-binding protein G(y) subunit alpha),GNA11 GA11
ENSG00000089289,P78318,IGBP1_HUMAN,Immunoglobulin-binding protein 1 (B-cell signal transduction molecule alpha 4) (Protein alpha-4) (CD79a-binding protein 1) (Protein phosphatase 2/4/6 regulatory subunit) (Renal carcinoma antigen NY-REN-16),IGBP1 IBP1
ENSG00000090006,Q8N2S1,LTBP4_HUMAN,Latent-transforming growth factor beta-binding protein 4 (LTBP-4),LTBP4
ENSG00000091262,O95255,MRP6_HUMAN,Multidrug resistance-associated protein 6 (ATP-binding cassette sub-family C member 6) (Anthracycline resistance-associated protein) (Multi-specific organic anion transporter E) (MOAT-E),ABCC6 ARA MRP6
ENSG00000091513,P02787,TRFE_HUMAN,Serotransferrin (Transferrin) (Beta-1 metal-binding globulin) (Siderophilin),TF PRO1400
ENSG00000092054,P12883,MYH7_HUMAN,"Myosin-7 (Myosin heavy chain 7) (Myosin heavy chain slow isoform) (MyHC-slow) (Myosin heavy chain, cardiac muscle beta isoform) (MyHC-beta)",MYH7 MYHCB
ENSG00000096696,P15924,DESP_HUMAN,Desmoplakin (DP) (250/210 kDa paraneoplastic pemphigus antigen),DSP
ENSG00000099940,O95721,SNP29_HUMAN,Synaptosomal-associated protein 29 (SNAP-29) (Soluble 29 kDa NSF attachment protein) (Vesicle-membrane fusion protein SNAP-29),SNAP29
ENSG00000099949,Q8N653,LZTR1_HUMAN,Leucine-zipper-like transcriptional regulator 1 (LZTR-1),LZTR1 TCFL2
ENSG00000100242,Q9UH99,SUN2_HUMAN,SUN domain-containing protein 2 (Protein unc-84 homolog B) (Rab5-interacting protein) (Rab5IP) (Sad1/unc-84 protein-like 2),SUN2 FRIGG KIAA0668 RAB5IP UNC84B
ENSG00000100292,P09601,HMOX1_HUMAN,Heme oxygenase 1 (HO-1) (EC 1.14.14.18),HMOX1 HO HO1
ENSG00000100393,Q09472,EP300_HUMAN,Histone acetyltransferase p300 (p300 HAT) (EC 2.3.1.48) (E1A-associated protein p300) (Histone butyryltransferase p300) (EC 2.3.1.-) (Histone crotonyltransferase p300) (EC 2.3.1.-) (Protein propionyltransferase p300) (EC 2.3.1.-),EP300 P300
ENSG00000100485,Q07890,SOS2_HUMAN,Son of sevenless homolog 2 (SOS-2),SOS2
ENSG00000101109,Q13043,STK4_HUMAN,Serine/threonine-protein kinase 4 (EC 2.7.11.1) (Mammalian STE20-like protein kinase 1) (MST-1) (STE20-like kinase MST1) (Serine/threonine-protein kinase Krs-2) [Cleaved into: Serine/threonine-protein kinase 4 37kDa subunit (MST1/N); Serine/threonine-protein kinase 4 18kDa subunit (MST1/C)],STK4 KRS2 MST1
ENSG00000101306,Q9H1R3,MYLK2_HUMAN,"Myosin light chain kinase 2, skeletal/cardiac muscle (MLCK2) (EC 2.7.11.18)",MYLK2
ENSG00000101439,P01034,CYTC_HUMAN,Cystatin-C (Cystatin-3) (Gamma-trace) (Neuroendocrine basic polypeptide) (Post-gamma-globulin),CST3
ENSG00000101444,P23526,SAHH_HUMAN,Adenosylhomocysteinase (AdoHcyase) (EC 3.3.1.1) (S-adenosyl-L-homocysteine hydrolase),AHCY SAHH
ENSG00000101773,Q99708,CTIP_HUMAN,DNA endonuclease RBBP8 (EC 3.1.-.-) (CtBP-interacting protein) (CtIP) (Retinoblastoma-binding protein 8) (RBBP-8) (Retinoblastoma-interacting protein and myosin-like) (RIM) (Sporulation in the absence of SPO11 protein 2 homolog) (SAE2),RBBP8 CTIP
ENSG00000102119,P50402,EMD_HUMAN,Emerin,EMD EDMD STA
ENSG00000102125,Q16635,TAZ_HUMAN,Tafazzin (Protein G4.5),TAZ EFE2 G4.5
ENSG00000102265,P01033,TIMP1_HUMAN,Metalloproteinase inhibitor 1 (Erythroid-potentiating activity) (EPA) (Fibroblast collagenase inhibitor) (Collagenase inhibitor) (Tissue inhibitor of metalloproteinases 1) (TIMP-1),TIMP1 CLGI TIMP
ENSG00000102302,P98174,FGD1_HUMAN,"FYVE, RhoGEF and PH domain-containing protein 1 (Faciogenital dysplasia 1 protein) (Rho/Rac guanine nucleotide exchange factor FGD1) (Rho/Rac GEF) (Zinc finger FYVE domain-containing protein 3)",FGD1 FGDY ZFYVE3
ENSG00000102393,P06280,AGAL_HUMAN,Alpha-galactosidase A (EC 3.2.1.22) (Alpha-D-galactosidase A) (Alpha-D-galactoside galactohydrolase) (Melibiase) (Agalsidase),GLA
ENSG00000102683,Q13326,SGCG_HUMAN,Gamma-sarcoglycan (Gamma-SG) (35 kDa dystrophin-associated glycoprotein) (35DAG),SGCG
ENSG00000103197,P49815,TSC2_HUMAN,Tuberin (Tuberous sclerosis 2 protein),TSC2 TSC4
ENSG00000104067,Q07157,ZO1_HUMAN,Tight junction protein ZO-1 (Tight junction protein 1) (Zona occludens protein 1) (Zonula occludens protein 1),TJP1 ZO1
ENSG00000104812,P13807,GYS1_HUMAN,"Glycogen [starch] synthase, muscle (EC 2.4.1.11)",GYS1 GYS
ENSG00000104967,Q9UNW9,NOVA2_HUMAN,RNA-binding protein Nova-2 (Astrocytic NOVA1-like RNA-binding protein) (Neuro-oncological ventral antigen 2),NOVA2 ANOVA NOVA3
ENSG00000105221,P31751,AKT2_HUMAN,RAC-beta serine/threonine-protein kinase (EC 2.7.11.1) (Protein kinase Akt-2) (Protein kinase B beta) (PKB beta) (RAC-PK-beta),AKT2
ENSG00000105372,P39019,RS19_HUMAN,40S ribosomal protein S19 (Small ribosomal subunit protein eS19),RPS19
ENSG00000105550,Q9NSA1,FGF21_HUMAN,Fibroblast growth factor 21 (FGF-21),FGF21 UNQ3115/PRO10196
ENSG00000105697,P81172,HEPC_HUMAN,Hepcidin (Liver-expressed antimicrobial peptide 1) (LEAP-1) (Putative liver tumor regressor) (PLTR) [Cleaved into: Hepcidin-25 (Hepc25); Hepcidin-20 (Hepc20)],HAMP HEPC LEAP1 UNQ487/PRO1003
ENSG00000105974,Q03135,CAV1_HUMAN,Caveolin-1,CAV1 CAV
ENSG00000105993,O75190,DNJB6_HUMAN,DnaJ homolog subfamily B member 6 (HHDJ1) (Heat shock protein J2) (HSJ-2) (MRJ) (MSJ-1),DNAJB6 HSJ2 MRJ MSJ1
ENSG00000106571,P10071,GLI3_HUMAN,Transcriptional activator GLI3 (GLI3 form of 190 kDa) (GLI3-190) (GLI3 full-length protein) (GLI3FL) [Cleaved into: Transcriptional repressor GLI3R (GLI3 C-terminally truncated form) (GLI3 form of 83 kDa) (GLI3-83)],GLI3
ENSG00000106617,Q9UGJ0,AAKG2_HUMAN,5'-AMP-activated protein kinase subunit gamma-2 (AMPK gamma2) (AMPK subunit gamma-2) (H91620p),PRKAG2
ENSG00000106692,O75072,FKTN_HUMAN,Fukutin (EC 2.-.-.-) (Fukuyama-type congenital muscular dystrophy protein),FKTN FCMD
ENSG00000106701,Q9BXM9,FSD1L_HUMAN,FSD1-like protein (Coiled-coil domain-containing protein 10) (FSD1 N-terminal-like protein),FSD1L CCDC10 CSDUFD1 FSD1CL FSD1NL
ENSG00000106991,P17813,EGLN_HUMAN,Endoglin (CD antigen CD105),ENG END
ENSG00000107521,Q92902,HPS1_HUMAN,Hermansky-Pudlak syndrome 1 protein,HPS1 HPS
ENSG00000107537,O14832,PAHX_HUMAN,"Phytanoyl-CoA dioxygenase, peroxisomal (EC 1.14.11.18) (Phytanic acid oxidase) (Phytanoyl-CoA alpha-hydroxylase) (PhyH)",PHYH PAHX
ENSG00000107562,P48061,SDF1_HUMAN,Stromal cell-derived factor 1 (SDF-1) (hSDF-1) (C-X-C motif chemokine 12) (Intercrine reduced in hepatomas) (IRH) (hIRH) (Pre-B cell growth-stimulating factor) (PBSF) [Cleaved into: SDF-1-beta(3-72); SDF-1-alpha(3-67)],CXCL12 SDF1 SDF1A SDF1B
ENSG00000107815,Q96RR1,PEO1_HUMAN,"Twinkle protein, mitochondrial (EC 3.6.4.12) (Progressive external ophthalmoplegia 1 protein) (T7 gp4-like protein with intramitochondrial nucleoid localization) (T7-like mitochondrial DNA helicase) (Twinkle mtDNA helicase)",TWNK C10orf2 PEO1
ENSG00000108061,Q9UQ13,SHOC2_HUMAN,Leucine-rich repeat protein SHOC-2 (Protein soc-2 homolog) (Protein sur-8 homolog),SHOC2 KIAA0862
ENSG00000108395,O94972,TRI37_HUMAN,E3 ubiquitin-protein ligase TRIM37 (EC 2.3.2.27) (Mulibrey nanism protein) (RING-type E3 ubiquitin transferase TRIM37) (Tripartite motif-containing protein 37),TRIM37 KIAA0898 MUL POB1
ENSG00000108691,P13500,CCL2_HUMAN,C-C motif chemokine 2 (HC11) (Monocyte chemoattractant protein 1) (Monocyte chemotactic and activating factor) (MCAF) (Monocyte chemotactic protein 1) (MCP-1) (Monocyte secretory protein JE) (Small-inducible cytokine A2),CCL2 MCP1 SCYA2
ENSG00000108784,P54802,ANAG_HUMAN,Alpha-N-acetylglucosaminidase (EC 3.2.1.50) (N-acetyl-alpha-glucosaminidase) (NAG) [Cleaved into: Alpha-N-acetylglucosaminidase 82 kDa form; Alpha-N-acetylglucosaminidase 77 kDa form],NAGLU UFHSD1
ENSG00000108821,P02452,CO1A1_HUMAN,Collagen alpha-1(I) chain (Alpha-1 type I collagen),COL1A1
ENSG00000108823,Q16586,SGCA_HUMAN,Alpha-sarcoglycan (Alpha-SG) (50 kDa dystrophin-associated glycoprotein) (50DAG) (Adhalin) (Dystroglycan-2),SGCA ADL DAG2
ENSG00000108946,P10644,KAP0_HUMAN,cAMP-dependent protein kinase type I-alpha regulatory subunit (Tissue-specific extinguisher 1) (TSE1),PRKAR1A PKR1 PRKAR1 TSE1
ENSG00000108961,Q9HD47,MOG1_HUMAN,Ran guanine nucleotide release factor (RanGNRF) (Ran-binding protein MOG1),RANGRF MOG1 RANGNRF HSPC165 HSPC236 MDS5
ENSG00000109501,O76024,WFS1_HUMAN,Wolframin,WFS1
ENSG00000109819,Q9UBK2,PRGC1_HUMAN,Peroxisome proliferator-activated receptor gamma coactivator 1-alpha (PGC-1-alpha) (PPAR-gamma coactivator 1-alpha) (PPARGC-1-alpha) (Ligand effect modulator 6),PPARGC1A LEM6 PGC1 PGC1A PPARGC1
ENSG00000109846,P02511,CRYAB_HUMAN,Alpha-crystallin B chain (Alpha(B)-crystallin) (Heat shock protein beta-5) (HspB5) (Renal carcinoma antigen NY-REN-27) (Rosenthal fiber component),CRYAB CRYA2 HSPB5
ENSG00000110090,P50416,CPT1A_HUMAN,"Carnitine O-palmitoyltransferase 1, liver isoform (CPT1-L) (EC 2.3.1.21) (Carnitine O-palmitoyltransferase I, liver isoform) (CPT I) (CPTI-L) (Carnitine palmitoyltransferase 1A)",CPT1A CPT1
ENSG00000110395,P22681,CBL_HUMAN,E3 ubiquitin-protein ligase CBL (EC 2.3.2.27) (Casitas B-lineage lymphoma proto-oncogene) (Proto-oncogene c-Cbl) (RING finger protein 55) (RING-type E3 ubiquitin transferase CBL) (Signal transduction protein CBL),CBL CBL2 RNF55
ENSG00000110711,O00170,AIP_HUMAN,AH receptor-interacting protein (AIP) (Aryl-hydrocarbon receptor-interacting protein) (HBV X-associated protein 2) (XAP-2) (Immunophilin homolog ARA9),AIP XAP2
ENSG00000111640,P04406,G3P_HUMAN,Glyceraldehyde-3-phosphate dehydrogenase (GAPDH) (EC 1.2.1.12) (Peptidyl-cysteine S-nitrosylase GAPDH) (EC 2.6.99.-),GAPDH GAPD CDABP0047 OK/SW-cl.12
ENSG00000111669,P60174,TPIS_HUMAN,Triosephosphate isomerase (TIM) (EC 5.3.1.1) (Triose-phosphate isomerase),TPI1 TPI
ENSG00000111670,Q3T906,GNPTA_HUMAN,N-acetylglucosamine-1-phosphotransferase subunits alpha/beta (EC 2.7.8.17) (GlcNAc-1-phosphotransferase subunits alpha/beta) (Stealth protein GNPTAB) (UDP-N-acetylglucosamine-1-phosphotransferase subunits alpha/beta) [Cleaved into: N-acetylglucosamine-1-phosphotransferase subunit alpha; N-acetylglucosamine-1-phosphotransferase subunit beta],GNPTAB GNPTA KIAA1208
ENSG00000111846,Q8N0V5,GNT2A_HUMAN,"N-acetyllactosaminide beta-1,6-N-acetylglucosaminyl-transferase (N-acetylglucosaminyltransferase) (EC 2.4.1.150) (I-branching enzyme) (IGNT)",GCNT2 GCNT5 II NACGT1
ENSG00000112319,O95677,EYA4_HUMAN,Eyes absent homolog 4 (EC 3.1.3.48),EYA4
ENSG00000112367,Q92562,FIG4_HUMAN,"Polyphosphoinositide phosphatase (EC 3.1.3.-) (Phosphatidylinositol 3,5-bisphosphate 5-phosphatase) (SAC domain-containing protein 3)",FIG4 KIAA0274 SAC3
ENSG00000112486,P51684,CCR6_HUMAN,C-C chemokine receptor type 6 (C-C CKR-6) (CC-CKR-6) (CCR-6) (Chemokine receptor-like 3) (CKR-L3) (DRY6) (G-protein coupled receptor 29) (GPR-CY4) (GPRCY4) (LARC receptor) (CD antigen CD196),CCR6 CKRL3 CMKBR6 GPR29 STRL22
ENSG00000112715,P15692,VEGFA_HUMAN,Vascular endothelial growth factor A (VEGF-A) (Vascular permeability factor) (VPF),VEGFA VEGF
ENSG00000112769,Q16363,LAMA4_HUMAN,Laminin subunit alpha-4 (Laminin-14 subunit alpha) (Laminin-8 subunit alpha) (Laminin-9 subunit alpha),LAMA4
ENSG00000113196,O96004,HAND1_HUMAN,"Heart- and neural crest derivatives-expressed protein 1 (Class A basic helix-loop-helix protein 27) (bHLHa27) (Extraembryonic tissues, heart, autonomic nervous system and neural crest derivatives-expressed protein 1) (eHAND)",HAND1 BHLHA27 EHAND
ENSG00000113273,P15848,ARSB_HUMAN,Arylsulfatase B (ASB) (EC 3.1.6.12) (N-acetylgalactosamine-4-sulfatase) (G4S),ARSB
ENSG00000113360,Q9NRR4,RNC_HUMAN,Ribonuclease 3 (EC 3.1.26.3) (Protein Drosha) (Ribonuclease III) (RNase III) (p241),DROSHA RN3 RNASE3L RNASEN
ENSG00000113368,P20700,LMNB1_HUMAN,Lamin-B1,LMNB1 LMN2 LMNB
ENSG00000114054,P05166,PCCB_HUMAN,"Propionyl-CoA carboxylase beta chain, mitochondrial (PCCase subunit beta) (EC 6.4.1.3) (Propanoyl-CoA:carbon dioxide ligase subunit beta)",PCCB
ENSG00000114480,Q04446,GLGB_HUMAN,"1,4-alpha-glucan-branching enzyme (EC 2.4.1.18) (Brancher enzyme) (Glycogen-branching enzyme)",GBE1
ENSG00000114854,P63316,TNNC1_HUMAN,"Troponin C, slow skeletal and cardiac muscles (TN-C)",TNNC1 TNNC
ENSG00000115267,Q9BYX4,IFIH1_HUMAN,Interferon-induced helicase C domain-containing protein 1 (EC 3.6.4.13) (Clinically amyopathic dermatomyositis autoantigen 140 kDa) (CADM-140 autoantigen) (Helicase with 2 CARD domains) (Helicard) (Interferon-induced with helicase C domain protein 1) (Melanoma differentiation-associated protein 5) (MDA-5) (Murabutide down-regulated protein) (RIG-I-like receptor 2) (RLR-2) (RNA helicase-DEAD box protein 116),IFIH1 MDA5 RH116
ENSG00000115904,Q07889,SOS1_HUMAN,Son of sevenless homolog 1 (SOS-1),SOS1
ENSG00000116127,Q8TCU4,ALMS1_HUMAN,Alstrom syndrome protein 1,ALMS1 KIAA0328
ENSG00000117118,P21912,SDHB_HUMAN,"Succinate dehydrogenase [ubiquinone] iron-sulfur subunit, mitochondrial (EC 1.3.5.1) (Iron-sulfur subunit of complex II) (Ip)",SDHB SDH SDH1
ENSG00000117479,O60779,S19A2_HUMAN,Thiamine transporter 1 (ThTr-1) (ThTr1) (Solute carrier family 19 member 2) (Thiamine carrier 1) (TC1),SLC19A2 THT1 TRMA
ENSG00000117560,P48023,TNFL6_HUMAN,"Tumor necrosis factor ligand superfamily member 6 (Apoptosis antigen ligand) (APTL) (CD95 ligand) (CD95-L) (Fas antigen ligand) (Fas ligand) (FasL) (CD antigen CD178) [Cleaved into: Tumor necrosis factor ligand superfamily member 6, membrane form; Tumor necrosis factor ligand superfamily member 6, soluble form (Receptor-binding FasL ectodomain) (Soluble Fas ligand) (sFasL); ADAM10-processed FasL form (APL); FasL intracellular domain (FasL ICD) (SPPL2A-processed FasL form) (SPA)]",FASLG APT1LG1 CD95L FASL TNFSF6
ENSG00000118137,P02647,APOA1_HUMAN,Apolipoprotein A-I (Apo-AI) (ApoA-I) (Apolipoprotein A1) [Cleaved into: Proapolipoprotein A-I (ProapoA-I); Truncated apolipoprotein A-I (Apolipoprotein A-I(1-242))],APOA1
ENSG00000118194,P45379,TNNT2_HUMAN,"Troponin T, cardiac muscle (TnTc) (Cardiac muscle troponin T) (cTnT)",TNNT2
ENSG00000118217,P18850,ATF6A_HUMAN,Cyclic AMP-dependent transcription factor ATF-6 alpha (cAMP-dependent transcription factor ATF-6 alpha) (Activating transcription factor 6 alpha) (ATF6-alpha) [Cleaved into: Processed cyclic AMP-dependent transcription factor ATF-6 alpha],ATF6
ENSG00000118271,P02766,TTHY_HUMAN,Transthyretin (ATTR) (Prealbumin) (TBPA),TTR PALB
ENSG00000118523,P29279,CTGF_HUMAN,Connective tissue growth factor (CCN family member 2) (Hypertrophic chondrocyte-specific protein 24) (Insulin-like growth factor-binding protein 8) (IBP-8) (IGF-binding protein 8) (IGFBP-8),CTGF CCN2 HCS24 IGFBP8
ENSG00000118729,O14958,CASQ2_HUMAN,"Calsequestrin-2 (Calsequestrin, cardiac muscle isoform)",CASQ2
ENSG00000118785,P10451,OSTP_HUMAN,Osteopontin (Bone sialoprotein 1) (Nephropontin) (Secreted phosphoprotein 1) (SPP-1) (Urinary stone protein) (Uropontin),SPP1 BNSP OPN PSEC0156
ENSG00000118873,Q9H2M9,RBGPR_HUMAN,Rab3 GTPase-activating protein non-catalytic subunit (RGAP-iso) (Rab3 GTPase-activating protein 150 kDa subunit) (Rab3-GAP p150) (Rab3-GAP150) (Rab3-GAP regulatory subunit),RAB3GAP2 KIAA0839
ENSG00000118972,Q9GZV9,FGF23_HUMAN,Fibroblast growth factor 23 (FGF-23) (Phosphatonin) (Tumor-derived hypophosphatemia-inducing factor) [Cleaved into: Fibroblast growth factor 23 N-terminal peptide; Fibroblast growth factor 23 C-terminal peptide],FGF23 HYPF UNQ3027/PRO9828
ENSG00000119899,Q9NRA2,S17A5_HUMAN,Sialin (H(+)/nitrate cotransporter) (H(+)/sialic acid cotransporter) (AST) (Membrane glycoprotein HP59) (Solute carrier family 17 member 5) (Vesicular H(+)/Aspartate-glutamate cotransporter),SLC17A5
ENSG00000120457,P48544,KCNJ5_HUMAN,"G protein-activated inward rectifier potassium channel 4 (GIRK-4) (Cardiac inward rectifier) (CIR) (Heart KATP channel) (Inward rectifier K(+) channel Kir3.4) (IRK-4) (KATP-1) (Potassium channel, inwardly rectifying subfamily J member 5)",KCNJ5 GIRK4
ENSG00000120729,Q9UBF9,MYOTI_HUMAN,Myotilin (57 kDa cytoskeletal protein) (Myofibrillar titin-like Ig domains protein) (Titin immunoglobulin domain protein),MYOT TTID
ENSG00000120802,P42167,LAP2B_HUMAN,"Lamina-associated polypeptide 2, isoforms beta/gamma (Thymopoietin, isoforms beta/gamma) (TP beta/gamma) (Thymopoietin-related peptide isoforms beta/gamma) (TPRP isoforms beta/gamma) [Cleaved into: Thymopoietin (TP) (Splenin); Thymopentin (TP5)]",TMPO LAP2
ENSG00000121769,P05413,FABPH_HUMAN,"Fatty acid-binding protein, heart (Fatty acid-binding protein 3) (Heart-type fatty acid-binding protein) (H-FABP) (Mammary-derived growth inhibitor) (MDGI) (Muscle fatty acid-binding protein) (M-FABP)",FABP3 FABP11 MDGI
ENSG00000122180,P15173,MYOG_HUMAN,Myogenin (Class C basic helix-loop-helix protein 3) (bHLHc3) (Myogenic factor 4) (Myf-4),MYOG BHLHC3 MYF4
ENSG00000122367,O75112,LDB3_HUMAN,LIM domain-binding protein 3 (Protein cypher) (Z-band alternatively spliced PDZ-motif protein),LDB3 KIAA0613 ZASP
ENSG00000122971,P16219,ACADS_HUMAN,"Short-chain specific acyl-CoA dehydrogenase, mitochondrial (SCAD) (EC 1.3.8.1) (Butyryl-CoA dehydrogenase)",ACADS
ENSG00000123297,P43897,EFTS_HUMAN,"Elongation factor Ts, mitochondrial (EF-Ts) (EF-TsMt)",TSFM
ENSG00000124151,Q9Y6Q9,NCOA3_HUMAN,Nuclear receptor coactivator 3 (NCoA-3) (EC 2.3.1.48) (ACTR) (Amplified in breast cancer 1 protein) (AIB-1) (CBP-interacting protein) (pCIP) (Class E basic helix-loop-helix protein 42) (bHLHe42) (Receptor-associated coactivator 3) (RAC-3) (Steroid receptor coactivator protein 3) (SRC-3) (Thyroid hormone receptor activator molecule 1) (TRAM-1),NCOA3 AIB1 BHLHE42 RAC3 TRAM1
ENSG00000125124,Q9BXC9,BBS2_HUMAN,Bardet-Biedl syndrome 2 protein,BBS2
ENSG00000125686,Q15648,MED1_HUMAN,Mediator of RNA polymerase II transcription subunit 1 (Activator-recruited cofactor 205 kDa component) (ARC205) (Mediator complex subunit 1) (Peroxisome proliferator-activated receptor-binding protein) (PBP) (PPAR-binding protein) (Thyroid hormone receptor-associated protein complex 220 kDa component) (Trap220) (Thyroid receptor-interacting protein 2) (TR-interacting protein 2) (TRIP-2) (Vitamin D receptor-interacting protein complex component DRIP205) (p53 regulatory protein RB18A),MED1 ARC205 CRSP1 CRSP200 DRIP205 DRIP230 PBP PPARBP PPARGBP RB18A TRAP220 TRIP2
ENSG00000125826,Q9BYM8,HOIL1_HUMAN,RanBP-type and C3HC4-type zinc finger-containing protein 1 (EC 2.3.2.27) (HBV-associated factor 4) (Heme-oxidized IRP2 ubiquitin ligase 1) (HOIL-1) (Hepatitis B virus X-associated protein 4) (RING finger protein 54) (RING-type E3 ubiquitin transferase HOIL-1) (Ubiquitin-conjugating enzyme 7-interacting protein 3),RBCK1 C20orf18 RNF54 UBCE7IP3 XAP3 XAP4
ENSG00000125871,Q9BQP7,MGME1_HUMAN,Mitochondrial genome maintenance exonuclease 1 (EC 3.1.-.-),MGME1 C20orf72 DDK1
ENSG00000126432,P30044,PRDX5_HUMAN,"Peroxiredoxin-5, mitochondrial (EC 1.11.1.15) (Alu corepressor 1) (Antioxidant enzyme B166) (AOEB166) (Liver tissue 2D-page spot 71B) (PLP) (Peroxiredoxin V) (Prx-V) (Peroxisomal antioxidant enzyme) (TPx type VI) (Thioredoxin peroxidase PMP20)",PRDX5 ACR1 SBBI10
ENSG00000126458,P10301,RRAS_HUMAN,Ras-related protein R-Ras (p23),RRAS
ENSG00000126934,P36507,MP2K2_HUMAN,Dual specificity mitogen-activated protein kinase kinase 2 (MAP kinase kinase 2) (MAPKK 2) (EC 2.7.12.2) (ERK activator kinase 2) (MAPK/ERK kinase 2) (MEK 2),MAP2K2 MEK2 MKK2 PRKMK2
ENSG00000127415,P35475,IDUA_HUMAN,Alpha-L-iduronidase (EC 3.2.1.76),IDUA
ENSG00000127616,P51532,SMCA4_HUMAN,Transcription activator BRG1 (EC 3.6.4.-) (ATP-dependent helicase SMARCA4) (BRG1-associated factor 190A) (BAF190A) (Mitotic growth and transcription activator) (Protein BRG-1) (Protein brahma homolog 1) (SNF2-beta) (SWI/SNF-related matrix-associated actin-dependent regulator of chromatin subfamily A member 4),SMARCA4 BAF190A BRG1 SNF2B SNF2L4
ENSG00000128191,Q8WYQ5,DGCR8_HUMAN,Microprocessor complex subunit DGCR8 (DiGeorge syndrome critical region 8),DGCR8 C22orf12 DGCRK6 LP4941
ENSG00000128594,Q9HBW1,LRRC4_HUMAN,Leucine-rich repeat-containing protein 4 (Brain tumor-associated protein BAG) (Nasopharyngeal carcinoma-associated gene 14 protein) (Netrin-G2 ligand) (NGL-2),LRRC4 BAG NAG14 UNQ554/PRO1111
ENSG00000128604,Q13568,IRF5_HUMAN,Interferon regulatory factor 5 (IRF-5),IRF5
ENSG00000129152,P15172,MYOD1_HUMAN,Myoblast determination protein 1 (Class C basic helix-loop-helix protein 1) (bHLHc1) (Myogenic factor 3) (Myf-3),MYOD1 BHLHC1 MYF3 MYOD
ENSG00000129170,P50461,CSRP3_HUMAN,"Cysteine and glycine-rich protein 3 (Cardiac LIM protein) (Cysteine-rich protein 3) (CRP3) (LIM domain protein, cardiac) (Muscle LIM protein)",CSRP3 CLP MLP
ENSG00000129757,P49918,CDN1C_HUMAN,Cyclin-dependent kinase inhibitor 1C (Cyclin-dependent kinase inhibitor p57) (p57Kip2),CDKN1C KIP2
ENSG00000129991,P19429,TNNI3_HUMAN,"Troponin I, cardiac muscle (Cardiac troponin I)",TNNI3 TNNC1
ENSG00000130203,P02649,APOE_HUMAN,Apolipoprotein E (Apo-E),APOE
ENSG00000130234,Q9BYF1,ACE2_HUMAN,Angiotensin-converting enzyme 2 (EC 3.4.17.23) (ACE-related carboxypeptidase) (Angiotensin-converting enzyme homolog) (ACEH) (Metalloprotease MPROT15) [Cleaved into: Processed angiotensin-converting enzyme 2],ACE2 UNQ868/PRO1885
ENSG00000130299,Q969Y2,GTPB3_HUMAN,"tRNA modification GTPase GTPBP3, mitochondrial (GTP-binding protein 3) (Mitochondrial GTP-binding protein 1)",GTPBP3 MTGP1
ENSG00000130513,Q99988,GDF15_HUMAN,Growth/differentiation factor 15 (GDF-15) (Macrophage inhibitory cytokine 1) (MIC-1) (NSAID-activated gene 1 protein) (NAG-1) (NSAID-regulated gene 1 protein) (NRG-1) (Placental TGF-beta) (Placental bone morphogenetic protein) (Prostate differentiation factor),GDF15 MIC1 PDF PLAB PTGFB
ENSG00000130714,Q9Y6A1,POMT1_HUMAN,Protein O-mannosyl-transferase 1 (EC 2.4.1.109) (Dolichyl-phosphate-mannose--protein mannosyltransferase 1),POMT1
ENSG00000132155,P04049,RAF1_HUMAN,RAF proto-oncogene serine/threonine-protein kinase (EC 2.7.11.1) (Proto-oncogene c-RAF) (cRaf) (Raf-1),RAF1 RAF
ENSG00000132716,Q5TAQ9,DCAF8_HUMAN,DDB1- and CUL4-associated factor 8 (WD repeat-containing protein 42A),DCAF8 H326 WDR42A
ENSG00000132740,P38935,SMBP2_HUMAN,DNA-binding protein SMUBP-2 (EC 3.6.4.12) (EC 3.6.4.13) (ATP-dependent helicase IGHMBP2) (Glial factor 1) (GF-1) (Immunoglobulin mu-binding protein 2),IGHMBP2 SMBP2 SMUBP2
ENSG00000133703,P01116,RASK_HUMAN,"GTPase KRas (K-Ras 2) (Ki-Ras) (c-K-ras) (c-Ki-ras) [Cleaved into: GTPase KRas, N-terminally processed]",KRAS KRAS2 RASK2
ENSG00000134086,P40337,VHL_HUMAN,von Hippel-Lindau disease tumor suppressor (Protein G7) (pVHL),VHL
ENSG00000134571,Q14896,MYPC3_HUMAN,"Myosin-binding protein C, cardiac-type (Cardiac MyBP-C) (C-protein, cardiac muscle isoform)",MYBPC3
ENSG00000134762,Q14574,DSC3_HUMAN,Desmocollin-3 (Cadherin family member 3) (Desmocollin-4) (HT-CP),DSC3 CDHF3 DSC4
ENSG00000134769,Q9Y4J8,DTNA_HUMAN,Dystrobrevin alpha (DTN-A) (Alpha-dystrobrevin) (Dystrophin-related protein 3),DTNA DRP3
ENSG00000135218,P16671,CD36_HUMAN,Platelet glycoprotein 4 (Fatty acid translocase) (FAT) (Glycoprotein IIIb) (GPIIIB) (Leukocyte differentiation antigen CD36) (PAS IV) (PAS-4) (Platelet collagen receptor) (Platelet glycoprotein IV) (GPIV) (Thrombospondin receptor) (CD antigen CD36),CD36 GP3B GP4
ENSG00000135341,O43318,M3K7_HUMAN,Mitogen-activated protein kinase kinase kinase 7 (EC 2.7.11.25) (Transforming growth factor-beta-activated kinase 1) (TGF-beta-activated kinase 1),MAP3K7 TAK1
ENSG00000135636,O75923,DYSF_HUMAN,Dysferlin (Dystrophy-associated fer-1-like protein) (Fer-1-like protein 1),DYSF FER1L1
ENSG00000135862,P11047,LAMC1_HUMAN,Laminin subunit gamma-1 (Laminin B2 chain) (Laminin-1 subunit gamma) (Laminin-10 subunit gamma) (Laminin-11 subunit gamma) (Laminin-2 subunit gamma) (Laminin-3 subunit gamma) (Laminin-4 subunit gamma) (Laminin-6 subunit gamma) (Laminin-7 subunit gamma) (Laminin-8 subunit gamma) (Laminin-9 subunit gamma) (S-laminin subunit gamma) (S-LAM gamma),LAMC1 LAMB2
ENSG00000136842,P28289,TMOD1_HUMAN,Tropomodulin-1 (Erythrocyte tropomodulin) (E-Tmod),TMOD1 D9S57E TMOD
ENSG00000136997,P01106,MYC_HUMAN,Myc proto-oncogene protein (Class E basic helix-loop-helix protein 39) (bHLHe39) (Proto-oncogene c-Myc) (Transcription factor p64),MYC BHLHE39
ENSG00000137193,P11309,PIM1_HUMAN,Serine/threonine-protein kinase pim-1 (EC 2.7.11.1),PIM1
ENSG00000137936,O75815,BCAR3_HUMAN,Breast cancer anti-estrogen resistance protein 3 (Novel SH2-containing protein 2) (SH2 domain-containing protein 3B),BCAR3 NSP2 SH2D3B UNQ271/PRO308
ENSG00000138029,P55084,ECHB_HUMAN,"Trifunctional enzyme subunit beta, mitochondrial (TP-beta) [Includes: 3-ketoacyl-CoA thiolase (EC 2.3.1.16) (Acetyl-CoA acyltransferase) (Beta-ketothiolase)]",HADHB MSTP029
ENSG00000138100,Q9BYV2,TRI54_HUMAN,Tripartite motif-containing protein 54 (Muscle-specific RING finger protein) (MuRF) (Muscle-specific RING finger protein 3) (MuRF-3) (MuRF3) (RING finger protein 30),TRIM54 MURF MURF3 RNF30
ENSG00000138379,O14793,GDF8_HUMAN,Growth/differentiation factor 8 (GDF-8) (Myostatin),MSTN GDF8
ENSG00000138646,Q9UII4,HERC5_HUMAN,E3 ISG15--protein ligase HERC5 (EC 2.3.2.-) (Cyclin-E-binding protein 1) (HECT domain and RCC1-like domain-containing protein 5),HERC5 CEB1 CEBP1
ENSG00000138759,Q86XX4,FRAS1_HUMAN,Extracellular matrix protein FRAS1,FRAS1 KIAA1500
ENSG00000138796,Q16836,HCDH_HUMAN,"Hydroxyacyl-coenzyme A dehydrogenase, mitochondrial (HCDH) (EC 1.1.1.35) (Medium and short-chain L-3-hydroxyacyl-coenzyme A dehydrogenase) (Short-chain 3-hydroxyacyl-CoA dehydrogenase)",HADH HAD HADHSC SCHAD
ENSG00000138798,P01133,EGF_HUMAN,Pro-epidermal growth factor (EGF) [Cleaved into: Epidermal growth factor (Urogastrone)],EGF
ENSG00000139567,P37023,ACVL1_HUMAN,Serine/threonine-protein kinase receptor R3 (SKR3) (EC 2.7.11.30) (Activin receptor-like kinase 1) (ALK-1) (TGF-B superfamily receptor type I) (TSR-I),ACVRL1 ACVRLK1 ALK1
ENSG00000140092,Q9UBX5,FBLN5_HUMAN,Fibulin-5 (FIBL-5) (Developmental arteries and neural crest EGF-like protein) (Dance) (Urine p50 protein) (UP50),FBLN5 DANCE UNQ184/PRO210
ENSG00000140416,P09493,TPM1_HUMAN,Tropomyosin alpha-1 chain (Alpha-tropomyosin) (Tropomyosin-1),TPM1 C15orf13 TMSA
ENSG00000140521,P54098,DPOG1_HUMAN,DNA polymerase subunit gamma-1 (EC 2.7.7.7) (Mitochondrial DNA polymerase catalytic subunit) (PolG-alpha),POLG MDP1 POLG1 POLGA
ENSG00000140650,O15305,PMM2_HUMAN,Phosphomannomutase 2 (PMM 2) (EC 5.4.2.8),PMM2
ENSG00000141012,P34059,GALNS_HUMAN,N-acetylgalactosamine-6-sulfatase (EC 3.1.6.4) (Chondroitinsulfatase) (Chondroitinase) (Galactose-6-sulfate sulfatase) (GalN6S) (N-acetylgalactosamine-6-sulfate sulfatase) (GalNAc6S sulfatase),GALNS
ENSG00000141052,Q8IZQ8,MYCD_HUMAN,Myocardin,MYOCD MYCD
ENSG00000141086,P40313,CTRL_HUMAN,Chymotrypsin-like protease CTRL-1 (EC 3.4.21.-),CTRL CTRL1
ENSG00000141646,Q13485,SMAD4_HUMAN,Mothers against decapentaplegic homolog 4 (MAD homolog 4) (Mothers against DPP homolog 4) (Deletion target in pancreatic carcinoma 4) (SMAD family member 4) (SMAD 4) (Smad4) (hSMAD4),SMAD4 DPC4 MADH4
ENSG00000142611,Q9HAZ2,PRD16_HUMAN,PR domain zinc finger protein 16 (PR domain-containing protein 16) (Transcription factor MEL1) (MDS1/EVI1-like gene 1),PRDM16 KIAA1675 MEL1 PFM13
ENSG00000143622,Q92963,RIT1_HUMAN,GTP-binding protein Rit1 (Ras-like protein expressed in many tissues) (Ras-like without CAAX protein 1),RIT1 RIBB RIT ROC1
ENSG00000143632,P68133,ACTS_HUMAN,"Actin, alpha skeletal muscle (Alpha-actin-1) [Cleaved into: Actin, alpha skeletal muscle, intermediate form]",ACTA1 ACTA
ENSG00000143801,P49810,PSN2_HUMAN,Presenilin-2 (PS-2) (EC 3.4.23.-) (AD3LP) (AD5) (E5-1) (STM-2) [Cleaved into: Presenilin-2 NTF subunit; Presenilin-2 CTF subunit],PSEN2 AD4 PS2 PSNL2 STM2
ENSG00000143815,Q14739,LBR_HUMAN,Lamin-B receptor (Integral nuclear envelope inner membrane protein) (LMN2R),LBR
ENSG00000145354,Q8N5K1,CISD2_HUMAN,CDGSH iron-sulfur domain-containing protein 2 (Endoplasmic reticulum intermembrane small protein) (MitoNEET-related 1 protein) (Miner1) (Nutrient-deprivation autophagy factor-1) (NAF-1),CISD2 CDGSH2 ERIS ZCD2
ENSG00000145715,P20936,RASA1_HUMAN,Ras GTPase-activating protein 1 (GAP) (GTPase-activating protein) (RasGAP) (Ras p21 protein activator) (p120GAP),RASA1 GAP RASA
ENSG00000146085,P22033,MUTA_HUMAN,"Methylmalonyl-CoA mutase, mitochondrial (MCM) (EC 5.4.99.2) (Methylmalonyl-CoA isomerase)",MUT
ENSG00000146678,P08833,IBP1_HUMAN,Insulin-like growth factor-binding protein 1 (IBP-1) (IGF-binding protein 1) (IGFBP-1) (Placental protein 12) (PP12),IGFBP1 IBP1
ENSG00000147130,Q14202,ZMYM3_HUMAN,Zinc finger MYM-type protein 3 (Zinc finger protein 261),ZMYM3 DXS6673E KIAA0385 ZNF261
ENSG00000147257,P51654,GPC3_HUMAN,Glypican-3 (GTR2-2) (Intestinal protein OCI-5) (MXR7) [Cleaved into: Secreted glypican-3],GPC3 OCI5
ENSG00000147383,Q15738,NSDHL_HUMAN,"Sterol-4-alpha-carboxylate 3-dehydrogenase, decarboxylating (EC 1.1.1.170) (Protein H105e3)",NSDHL H105E3
ENSG00000147573,Q9BYV6,TRI55_HUMAN,Tripartite motif-containing protein 55 (Muscle-specific RING finger protein 2) (MuRF-2) (MuRF2) (RING finger protein 29),TRIM55 MURF2 RNF29
ENSG00000147889,Q8N726,ARF_HUMAN,Tumor suppressor ARF (Alternative reading frame) (ARF) (Cyclin-dependent kinase inhibitor 2A) (p14ARF),CDKN2A CDKN2 MLM
ENSG00000148180,P06396,GELS_HUMAN,Gelsolin (AGEL) (Actin-depolymerizing factor) (ADF) (Brevin),GSN
ENSG00000148400,P46531,NOTC1_HUMAN,Neurogenic locus notch homolog protein 1 (Notch 1) (hN1) (Translocation-associated notch protein TAN-1) [Cleaved into: Notch 1 extracellular truncation (NEXT); Notch 1 intracellular domain (NICD)],NOTCH1 TAN1
ENSG00000148660,Q13555,KCC2G_HUMAN,Calcium/calmodulin-dependent protein kinase type II subunit gamma (CaM kinase II subunit gamma) (CaMK-II subunit gamma) (EC 2.7.11.17),CAMK2G CAMK CAMK-II CAMKG
ENSG00000149541,O94766,B3GA3_HUMAN,"Galactosylgalactosylxylosylprotein 3-beta-glucuronosyltransferase 3 (EC 2.4.1.135) (Beta-1,3-glucuronyltransferase 3) (Glucuronosyltransferase I) (GlcAT-I) (UDP-GlcUA:Gal beta-1,3-Gal-R glucuronyltransferase) (GlcUAT-I)",B3GAT3
ENSG00000149596,Q9BR39,JPH2_HUMAN,Junctophilin-2 (JP-2) (Junctophilin type 2),JPH2 JP2
ENSG00000150893,Q5SZK8,FREM2_HUMAN,FRAS1-related extracellular matrix protein 2 (ECM3 homolog),FREM2
ENSG00000151067,Q13936,CAC1C_HUMAN,"Voltage-dependent L-type calcium channel subunit alpha-1C (Calcium channel, L type, alpha-1 polypeptide, isoform 1, cardiac muscle) (Voltage-gated calcium channel subunit alpha Cav1.2)",CACNA1C CACH2 CACN2 CACNL1A1 CCHL1A1
ENSG00000151498,Q9UKU7,ACAD8_HUMAN,"Isobutyryl-CoA dehydrogenase, mitochondrial (EC 1.3.99.-) (Activator-recruited cofactor 42 kDa component) (ARC42) (Acyl-CoA dehydrogenase family member 8) (ACAD-8)",ACAD8 ARC42 IBD
ENSG00000151552,P09417,DHPR_HUMAN,Dihydropteridine reductase (EC 1.5.1.34) (HDHPR) (Quinoid dihydropteridine reductase) (Short chain dehydrogenase/reductase family 33C member 1),QDPR DHPR SDR33C1
ENSG00000151617,P25101,EDNRA_HUMAN,Endothelin-1 receptor (Endothelin receptor type A) (ET-A) (ETA-R) (hET-AR),EDNRA ETA ETRA
ENSG00000151929,O95817,BAG3_HUMAN,BAG family molecular chaperone regulator 3 (BAG-3) (Bcl-2-associated athanogene 3) (Bcl-2-binding protein Bis) (Docking protein CAIR-1),BAG3 BIS
ENSG00000152223,Q9HCE0,EPG5_HUMAN,Ectopic P granules protein 5 homolog,EPG5 KIAA1632
ENSG00000152234,P25705,ATPA_HUMAN,"ATP synthase subunit alpha, mitochondrial (ATP synthase F1 subunit alpha)",ATP5F1A ATP5A ATP5A1 ATP5AL2 ATPM
ENSG00000152495,Q16566,KCC4_HUMAN,Calcium/calmodulin-dependent protein kinase type IV (CaMK IV) (EC 2.7.11.17) (CaM kinase-GR),CAMK4 CAMK CAMK-GR CAMKIV
ENSG00000152661,P17302,CXA1_HUMAN,Gap junction alpha-1 protein (Connexin-43) (Cx43) (Gap junction 43 kDa heart protein),GJA1 GJAL
ENSG00000152818,P46939,UTRO_HUMAN,Utrophin (Dystrophin-related protein 1) (DRP-1),UTRN DMDL DRP1
ENSG00000153132,O14967,CLGN_HUMAN,Calmegin,CLGN
ENSG00000154358,Q5VST9,OBSCN_HUMAN,Obscurin (EC 2.7.11.1) (Obscurin-RhoGEF) (Obscurin-myosin light chain kinase) (Obscurin-MLCK),OBSCN KIAA1556 KIAA1639
ENSG00000155657,Q8WZ42,TITIN_HUMAN,Titin (EC 2.7.11.1) (Connectin) (Rhabdomyosarcoma antigen MU-RMS-40.14),TTN
ENSG00000155903,Q15283,RASA2_HUMAN,Ras GTPase-activating protein 2 (GTPase-activating protein 1m) (GAP1m),RASA2 GAP1M RASGAP
ENSG00000155906,Q9NWS8,RMND1_HUMAN,Required for meiotic nuclear division protein 1 homolog,RMND1 C6orf96
ENSG00000155962,O15247,CLIC2_HUMAN,Chloride intracellular channel protein 2 (XAP121),CLIC2
ENSG00000155974,Q9Y3R0,GRIP1_HUMAN,Glutamate receptor-interacting protein 1 (GRIP-1),GRIP1
ENSG00000157184,P23786,CPT2_HUMAN,"Carnitine O-palmitoyltransferase 2, mitochondrial (EC 2.3.1.21) (Carnitine palmitoyltransferase II) (CPT II)",CPT2 CPT1
ENSG00000157259,Q8WUU5,GATD1_HUMAN,GATA zinc finger domain-containing protein 1 (Ocular development-associated gene protein),GATAD1 ODAG
ENSG00000157764,P15056,BRAF_HUMAN,Serine/threonine-protein kinase B-raf (EC 2.7.11.1) (Proto-oncogene B-Raf) (p94) (v-Raf murine sarcoma viral oncogene homolog B1),BRAF BRAF1 RAFB1
ENSG00000158125,P47989,XDH_HUMAN,Xanthine dehydrogenase/oxidase [Includes: Xanthine dehydrogenase (XD) (EC 1.17.1.4); Xanthine oxidase (XO) (EC 1.17.3.2) (Xanthine oxidoreductase) (XOR)],XDH XDHA
ENSG00000159251,P68032,ACTC_HUMAN,"Actin, alpha cardiac muscle 1 (Alpha-cardiac actin) [Cleaved into: Actin, alpha cardiac muscle 1, intermediate form]",ACTC1 ACTC
ENSG00000159335,P20962,PTMS_HUMAN,Parathymosin,PTMS
ENSG00000159459,Q8IWV7,UBR1_HUMAN,E3 ubiquitin-protein ligase UBR1 (EC 2.3.2.27) (N-recognin-1) (RING-type E3 ubiquitin transferase UBR1) (Ubiquitin-protein ligase E3-alpha-1) (Ubiquitin-protein ligase E3-alpha-I),UBR1
ENSG00000160789,P02545,LMNA_HUMAN,Prelamin-A/C [Cleaved into: Lamin-A/C (70 kDa lamin) (Renal carcinoma antigen NY-REN-32)],LMNA LMN1
ENSG00000162430,Q9NZV5,SELN_HUMAN,Selenoprotein N (SelN),SELENON SELN SEPN1
ENSG00000162614,Q0ZGT2,NEXN_HUMAN,Nexilin (F-actin-binding protein) (Nelin),NEXN
ENSG00000162642,Q8N6N3,CA052_HUMAN,UPF0690 protein C1orf52 (BCL10-associated gene protein),C1orf52 BAG GM117
ENSG00000162688,P35573,GDE_HUMAN,"Glycogen debranching enzyme (Glycogen debrancher) [Includes: 4-alpha-glucanotransferase (EC 2.4.1.25) (Oligo-1,4-1,4-glucantransferase); Amylo-alpha-1,6-glucosidase (Amylo-1,6-glucosidase) (EC 3.2.1.33) (Dextrin 6-alpha-D-glucosidase)]",AGL GDE
ENSG00000163053,Q7RTX9,MOT14_HUMAN,Monocarboxylate transporter 14 (MCT 14) (Solute carrier family 16 member 14),SLC16A14 MCT14
ENSG00000163069,Q16585,SGCB_HUMAN,Beta-sarcoglycan (Beta-SG) (43 kDa dystrophin-associated glycoprotein) (43DAG) (A3b),SGCB
ENSG00000163170,Q53S33,BOLA3_HUMAN,BolA-like protein 3,BOLA3
ENSG00000163599,P16410,CTLA4_HUMAN,Cytotoxic T-lymphocyte protein 4 (Cytotoxic T-lymphocyte-associated antigen 4) (CTLA-4) (CD antigen CD152),CTLA4 CD152
ENSG00000163687,Q13609,DNSL3_HUMAN,Deoxyribonuclease gamma (DNase gamma) (EC 3.1.21.-) (DNase I homolog protein DHP2) (Deoxyribonuclease I-like 3) (DNase I-like 3) (Liver and spleen DNase) (LS-DNase) (LSD),DNASE1L3 DHP2 DNAS1L3
ENSG00000164107,P61296,HAND2_HUMAN,"Heart- and neural crest derivatives-expressed protein 2 (Class A basic helix-loop-helix protein 26) (bHLHa26) (Deciduum, heart, autonomic nervous system and neural crest derivatives-expressed protein 2) (dHAND)",HAND2 BHLHA26 DHAND
ENSG00000164111,P08758,ANXA5_HUMAN,Annexin A5 (Anchorin CII) (Annexin V) (Annexin-5) (Calphobindin I) (CBP-I) (Endonexin II) (Lipocortin V) (Placental anticoagulant protein 4) (PP4) (Placental anticoagulant protein I) (PAP-I) (Thromboplastin inhibitor) (Vascular anticoagulant-alpha) (VAC-alpha),ANXA5 ANX5 ENX2 PP4
ENSG00000164458,O15178,BRAC_HUMAN,Brachyury protein (Protein T),T
ENSG00000164692,P08123,CO1A2_HUMAN,Collagen alpha-2(I) chain (Alpha-2 type I collagen),COL1A2
ENSG00000165060,Q16595,FRDA_HUMAN,"Frataxin, mitochondrial (EC 1.16.3.1) (Friedreich ataxia protein) (Fxn) [Cleaved into: Frataxin intermediate form (i-FXN); Frataxin(56-210) (m56-FXN); Frataxin(78-210) (d-FXN) (m78-FXN); Frataxin mature form (Frataxin(81-210)) (m81-FXN)]",FXN FRDA X25
ENSG00000165240,Q04656,ATP7A_HUMAN,Copper-transporting ATPase 1 (EC 3.6.3.54) (Copper pump 1) (Menkes disease-associated protein),ATP7A MC1 MNK
ENSG00000165392,Q14191,WRN_HUMAN,"Werner syndrome ATP-dependent helicase (EC 3.6.4.12) (DNA helicase, RecQ-like type 3) (RecQ3) (Exonuclease WRN) (EC 3.1.-.-) (RecQ protein-like 2)",WRN RECQ3 RECQL2
ENSG00000165671,Q96L73,NSD1_HUMAN,"Histone-lysine N-methyltransferase, H3 lysine-36 and H4 lysine-20 specific (EC 2.1.1.43) (Androgen receptor coactivator 267 kDa protein) (Androgen receptor-associated protein of 267 kDa) (H3-K36-HMTase) (H4-K20-HMTase) (Lysine N-methyltransferase 3B) (Nuclear receptor-binding SET domain-containing protein 1) (NR-binding SET domain-containing protein)",NSD1 ARA267 KMT3B
ENSG00000165699,Q92574,TSC1_HUMAN,Hamartin (Tuberous sclerosis 1 protein),TSC1 KIAA0243 TSC
ENSG00000165731,P07949,RET_HUMAN,Proto-oncogene tyrosine-protein kinase receptor Ret (EC 2.7.10.1) (Cadherin family member 12) (Proto-oncogene c-Ret) [Cleaved into: Soluble RET kinase fragment; Extracellular cell-membrane anchored RET cadherin 120 kDa fragment],RET CDHF12 CDHR16 PTC RET51
ENSG00000166147,P35555,FBN1_HUMAN,Fibrillin-1 [Cleaved into: Asprosin],FBN1 FBN
ENSG00000166484,Q13164,MK07_HUMAN,Mitogen-activated protein kinase 7 (MAP kinase 7) (MAPK 7) (EC 2.7.11.24) (Big MAP kinase 1) (BMK-1) (Extracellular signal-regulated kinase 5) (ERK-5),MAPK7 BMK1 ERK5 PRKM7
ENSG00000166535,A8K2U0,A2ML1_HUMAN,Alpha-2-macroglobulin-like protein 1 (C3 and PZP-like alpha-2-macroglobulin domain-containing protein 9),A2ML1 CPAMD9
ENSG00000167701,P24298,ALAT1_HUMAN,Alanine aminotransferase 1 (ALT1) (EC 2.6.1.2) (Glutamate pyruvate transaminase 1) (GPT 1) (Glutamic--alanine transaminase 1) (Glutamic--pyruvic transaminase 1),GPT AAT1 GPT1
ENSG00000168301,Q8NC69,KCTD6_HUMAN,BTB/POZ domain-containing protein KCTD6 (KCASH3 protein) (Potassium channel tetramerization domain-containing protein 6),KCTD6
ENSG00000168509,Q6ZVN8,RGMC_HUMAN,Hemojuvelin (Hemochromatosis type 2 protein) (RGM domain family member C),HFE2 HJV RGMC
ENSG00000169032,Q02750,MP2K1_HUMAN,Dual specificity mitogen-activated protein kinase kinase 1 (MAP kinase kinase 1) (MAPKK 1) (MKK1) (EC 2.7.12.2) (ERK activator kinase 1) (MAPK/ERK kinase 1) (MEK 1),MAP2K1 MEK1 PRKMK1
ENSG00000169252,P07550,ADRB2_HUMAN,Beta-2 adrenergic receptor (Beta-2 adrenoreceptor) (Beta-2 adrenoceptor),ADRB2 ADRB2R B2AR
ENSG00000169359,O00400,ACATN_HUMAN,Acetyl-coenzyme A transporter 1 (AT-1) (Acetyl-CoA transporter 1) (Solute carrier family 33 member 1),SLC33A1 ACATN AT1
ENSG00000169750,P60763,RAC3_HUMAN,Ras-related C3 botulinum toxin substrate 3 (p21-Rac3),RAC3
ENSG00000169919,P08236,BGLR_HUMAN,Beta-glucuronidase (EC 3.2.1.31) (Beta-G1),GUSB
ENSG00000170266,P16278,BGAL_HUMAN,Beta-galactosidase (EC 3.2.1.23) (Acid beta-galactosidase) (Lactase) (Elastin receptor 1),GLB1 ELNR1
ENSG00000170345,P01100,FOS_HUMAN,Proto-oncogene c-Fos (Cellular oncogene fos) (G0/G1 switch regulatory protein 7),FOS G0S7
ENSG00000170606,P34932,HSP74_HUMAN,Heat shock 70 kDa protein 4 (HSP70RY) (Heat shock 70-related protein APG-2),HSPA4 APG2
ENSG00000170624,Q92629,SGCD_HUMAN,Delta-sarcoglycan (Delta-SG) (35 kDa dystrophin-associated glycoprotein) (35DAG),SGCD
ENSG00000170876,Q9BTV4,TMM43_HUMAN,Transmembrane protein 43 (Protein LUMA),TMEM43 UNQ2564/PRO6244
ENSG00000171298,P10253,LYAG_HUMAN,Lysosomal alpha-glucosidase (EC 3.2.1.20) (Acid maltase) (Aglucosidase alfa) [Cleaved into: 76 kDa lysosomal alpha-glucosidase; 70 kDa lysosomal alpha-glucosidase],GAA
ENSG00000171388,Q9ULZ1,APEL_HUMAN,Apelin (APJ endogenous ligand) [Cleaved into: Apelin-36; Apelin-31; Apelin-28; Apelin-13],APLN APEL
ENSG00000171517,Q9UBY5,LPAR3_HUMAN,Lysophosphatidic acid receptor 3 (LPA receptor 3) (LPA-3) (Lysophosphatidic acid receptor Edg-7),LPAR3 EDG7 LPA3
ENSG00000171552,Q07817,B2CL1_HUMAN,Bcl-2-like protein 1 (Bcl2-L-1) (Apoptosis regulator Bcl-X),BCL2L1 BCL2L BCLX
ENSG00000171791,P10415,BCL2_HUMAN,Apoptosis regulator Bcl-2,BCL2
ENSG00000171862,P60484,PTEN_HUMAN,"Phosphatidylinositol 3,4,5-trisphosphate 3-phosphatase and dual-specificity protein phosphatase PTEN (EC 3.1.3.16) (EC 3.1.3.48) (EC 3.1.3.67) (Mutated in multiple advanced cancers 1) (Phosphatase and tensin homolog)",PTEN MMAC1 TEP1
ENSG00000172037,P55268,LAMB2_HUMAN,Laminin subunit beta-2 (Laminin B1s chain) (Laminin-11 subunit beta) (Laminin-14 subunit beta) (Laminin-15 subunit beta) (Laminin-3 subunit beta) (Laminin-4 subunit beta) (Laminin-7 subunit beta) (Laminin-9 subunit beta) (S-laminin subunit beta) (S-LAM beta),LAMB2 LAMS
ENSG00000172638,O95967,FBLN4_HUMAN,EGF-containing fibulin-like extracellular matrix protein 2 (Fibulin-4) (FIBL-4) (Protein UPH1),EFEMP2 FBLN4 UNQ200/PRO226
ENSG00000172936,Q99836,MYD88_HUMAN,Myeloid differentiation primary response protein MyD88,MYD88
ENSG00000173020,P25098,ARBK1_HUMAN,Beta-adrenergic receptor kinase 1 (Beta-ARK-1) (EC 2.7.11.15) (G-protein coupled receptor kinase 2),GRK2 ADRBK1 BARK BARK1
ENSG00000173040,Q86UK5,LBN_HUMAN,Limbin (Ellis-van Creveld syndrome protein 2) (EVC2),EVC2 LBN
ENSG00000173175,O95622,ADCY5_HUMAN,Adenylate cyclase type 5 (EC 4.6.1.1) (ATP pyrophosphate-lyase 5) (Adenylate cyclase type V) (Adenylyl cyclase 5) (AC5),ADCY5
ENSG00000173391,P78380,OLR1_HUMAN,"Oxidized low-density lipoprotein receptor 1 (Ox-LDL receptor 1) (C-type lectin domain family 8 member A) (Lectin-like oxidized LDL receptor 1) (LOX-1) (Lectin-like oxLDL receptor 1) (hLOX-1) (Lectin-type oxidized LDL receptor 1) [Cleaved into: Oxidized low-density lipoprotein receptor 1, soluble form]",OLR1 CLEC8A LOX1
ENSG00000173801,P14923,PLAK_HUMAN,Junction plakoglobin (Catenin gamma) (Desmoplakin III) (Desmoplakin-3),JUP CTNNG DP3
ENSG00000173991,O15273,TELT_HUMAN,Telethonin (Titin cap protein),TCAP
ENSG00000174059,P28906,CD34_HUMAN,Hematopoietic progenitor cell antigen CD34 (CD antigen CD34),CD34
ENSG00000174437,P16615,AT2A2_HUMAN,"Sarcoplasmic/endoplasmic reticulum calcium ATPase 2 (SERCA2) (SR Ca(2+)-ATPase 2) (EC 3.6.3.8) (Calcium pump 2) (Calcium-transporting ATPase sarcoplasmic reticulum type, slow twitch skeletal muscle isoform) (Endoplasmic reticulum class 1/2 Ca(2+) ATPase)",ATP2A2 ATP2B
ENSG00000174775,P01112,RASH_HUMAN,"GTPase HRas (H-Ras-1) (Ha-Ras) (Transforming protein p21) (c-H-ras) (p21ras) [Cleaved into: GTPase HRas, N-terminally processed]",HRAS HRAS1
ENSG00000174951,P19526,FUT1_HUMAN,"Galactoside 2-alpha-L-fucosyltransferase 1 (EC 2.4.1.344) (Alpha(1,2)FT 1) (Blood group H alpha 2-fucosyltransferase) (Fucosyltransferase 1) (GDP-L-fucose:beta-D-galactoside 2-alpha-L-fucosyltransferase 1)",FUT1 H HSC
ENSG00000175084,P17661,DESM_HUMAN,Desmin,DES
ENSG00000175198,P05165,PCCA_HUMAN,"Propionyl-CoA carboxylase alpha chain, mitochondrial (PCCase subunit alpha) (EC 6.4.1.3) (Propanoyl-CoA:carbon dioxide ligase subunit alpha)",PCCA
ENSG00000175206,P01160,ANF_HUMAN,Natriuretic peptides A (CDD-ANF) (Cardiodilatin) (CDD) (Cardiodilatin-related peptide) (CDP) (Prepronatriodilatin) [Cleaved into: Atrial natriuretic factor (ANF) (Atrial natriuretic peptide) (ANP)],NPPA ANP PND
ENSG00000175283,Q9UPQ8,DOLK_HUMAN,Dolichol kinase (EC 2.7.1.108) (Transmembrane protein 15),DOLK KIAA1094 TMEM15 UNQ2422/PRO4980
ENSG00000175606,Q9BUB7,TMM70_HUMAN,"Transmembrane protein 70, mitochondrial",TMEM70
ENSG00000176020,Q86WK7,AMGO3_HUMAN,Amphoterin-induced protein 3 (AMIGO-3) (Alivin-3),AMIGO3 ALI3 KIAA1851 UNQ6084/PRO20089
ENSG00000176095,Q92551,IP6K1_HUMAN,Inositol hexakisphosphate kinase 1 (InsP6 kinase 1) (EC 2.7.4.21) (Inositol hexaphosphate kinase 1),IP6K1 IHPK1 KIAA0263
ENSG00000176390,Q8IUI8,CRLF3_HUMAN,Cytokine receptor-like factor 3 (Cytokine receptor-like molecule 9) (CREME-9) (Cytokine receptor-related protein 4) (Type I cytokine receptor-like factor p48),CRLF3 CREME9 CRLM9 CYTOR4 P48
ENSG00000176619,Q03252,LMNB2_HUMAN,Lamin-B2,LMNB2 LMN2
ENSG00000177628,P04062,GLCM_HUMAN,Glucosylceramidase (EC 3.2.1.45) (Acid beta-glucosidase) (Alglucerase) (Beta-glucocerebrosidase) (Beta-GC) (D-glucosyl-N-acylsphingosine glucohydrolase) (Imiglucerase),GBA GC GLUC
ENSG00000177646,Q9H845,ACAD9_HUMAN,"Acyl-CoA dehydrogenase family member 9, mitochondrial (ACAD-9) (EC 1.3.99.-)",ACAD9
ENSG00000177666,Q96AD5,PLPL2_HUMAN,Patatin-like phospholipase domain-containing protein 2 (EC 3.1.1.3) (Adipose triglyceride lipase) (Calcium-independent phospholipase A2) (Desnutrin) (IPLA2-zeta) (Pigment epithelium-derived factor) (TTS2.2) (Transport-secretion protein 2) (TTS2),PNPLA2 ATGL FP17548
ENSG00000178537,O43772,MCAT_HUMAN,Mitochondrial carnitine/acylcarnitine carrier protein (Carnitine/acylcarnitine translocase) (CAC) (Solute carrier family 25 member 20),SLC25A20 CAC CACT
ENSG00000178568,Q15303,ERBB4_HUMAN,Receptor tyrosine-protein kinase erbB-4 (EC 2.7.10.1) (Proto-oncogene-like protein c-ErbB-4) (Tyrosine kinase-type cell surface receptor HER4) (p180erbB4) [Cleaved into: ERBB4 intracellular domain (4ICD) (E4ICD) (s80HER4)],ERBB4 HER4
ENSG00000179085,Q9P2X0,DPM3_HUMAN,Dolichol-phosphate mannosyltransferase subunit 3 (Dolichol-phosphate mannose synthase subunit 3) (DPM synthase subunit 3) (Dolichyl-phosphate beta-D-mannosyltransferase subunit 3) (Mannose-P-dolichol synthase subunit 3) (MPD synthase subunit 3) (Prostin-1),DPM3
ENSG00000179163,P04066,FUCO_HUMAN,Tissue alpha-L-fucosidase (EC 3.2.1.51) (Alpha-L-fucosidase I) (Alpha-L-fucoside fucohydrolase 1) (Alpha-L-fucosidase 1),FUCA1 Nbla10230
ENSG00000179271,Q8TAE8,G45IP_HUMAN,"Growth arrest and DNA damage-inducible proteins-interacting protein 1 (39S ribosomal protein L59, mitochondrial) (MRP-L59) (CKII beta-associating protein) (CR6-interacting factor 1) (CRIF1) (Mitochondrial large ribosomal subunit protein mL64) (Papillomavirus L2-interacting nuclear protein 1) (PLINP) (PLINP-1) (p53-responsive gene 6 protein)",GADD45GIP1 MRPL59 PLINP1 PRG6
ENSG00000179295,Q06124,PTN11_HUMAN,Tyrosine-protein phosphatase non-receptor type 11 (EC 3.1.3.48) (Protein-tyrosine phosphatase 1D) (PTP-1D) (Protein-tyrosine phosphatase 2C) (PTP-2C) (SH-PTP2) (SHP-2) (Shp2) (SH-PTP3),PTPN11 PTP2C SHPTP2
ENSG00000180902,Q8N465,D2HDH_HUMAN,"D-2-hydroxyglutarate dehydrogenase, mitochondrial (EC 1.1.99.-)",D2HGDH D2HGD
ENSG00000181027,Q9H9S5,FKRP_HUMAN,Fukutin-related protein (EC 2.-.-.-),FKRP
ENSG00000181555,Q9BYW2,SETD2_HUMAN,Histone-lysine N-methyltransferase SETD2 (EC 2.1.1.43) (HIF-1) (Huntingtin yeast partner B) (Huntingtin-interacting protein 1) (HIP-1) (Huntingtin-interacting protein B) (Lysine N-methyltransferase 3A) (Protein-lysine N-methyltransferase SETD2) (EC 2.1.1.-) (SET domain-containing protein 2) (hSET2) (p231HBP),SETD2 HIF1 HYPB KIAA1732 KMT3A SET2 HSPC069
ENSG00000181856,P14672,GTR4_HUMAN,"Solute carrier family 2, facilitated glucose transporter member 4 (Glucose transporter type 4, insulin-responsive) (GLUT-4)",SLC2A4 GLUT4
ENSG00000182054,P48735,IDHP_HUMAN,"Isocitrate dehydrogenase [NADP], mitochondrial (IDH) (EC 1.1.1.42) (ICD-M) (IDP) (NADP(+)-specific ICDH) (Oxalosuccinate decarboxylase)",IDH2
ENSG00000182533,P56539,CAV3_HUMAN,Caveolin-3 (M-caveolin),CAV3
ENSG00000182718,P07355,ANXA2_HUMAN,Annexin A2 (Annexin II) (Annexin-2) (Calpactin I heavy chain) (Calpactin-1 heavy chain) (Chromobindin-8) (Lipocortin II) (Placental anticoagulant protein IV) (PAP-IV) (Protein I) (p36),ANXA2 ANX2 ANX2L4 CAL1H LPC2D
ENSG00000183833,Q7Z4T9,CFA91_HUMAN,Cilia- and flagella-associated protein 91 (CFAP91) (AMY-1-associating protein expressed in testis 1) (AAT-1) (MYCBP/AMY-1-associated testis-expressed protein 1) (Protein MAATS1),MAATS1 AAT1 C3orf15 CFAP91
ENSG00000183873,Q14524,SCN5A_HUMAN,Sodium channel protein type 5 subunit alpha (HH1) (Sodium channel protein cardiac muscle subunit alpha) (Sodium channel protein type V subunit alpha) (Voltage-gated sodium channel subunit alpha Nav1.5),SCN5A
ENSG00000184634,Q93074,MED12_HUMAN,Mediator of RNA polymerase II transcription subunit 12 (Activator-recruited cofactor 240 kDa component) (ARC240) (CAG repeat protein 45) (Mediator complex subunit 12) (OPA-containing protein) (Thyroid hormone receptor-associated protein complex 230 kDa component) (Trap230) (Trinucleotide repeat-containing gene 11 protein),MED12 ARC240 CAGH45 HOPA KIAA0192 TNRC11 TRAP230
ENSG00000186951,Q07869,PPARA_HUMAN,Peroxisome proliferator-activated receptor alpha (PPAR-alpha) (Nuclear receptor subfamily 1 group C member 1),PPARA NR1C1 PPAR
ENSG00000187556,P60323,NANO3_HUMAN,Nanos homolog 3 (NOS-3),NANOS3 NOS3
ENSG00000189057,Q6SJ93,F111B_HUMAN,Protein FAM111B (Cancer-associated nucleoprotein),FAM111B CANP
ENSG00000196126,P01911,2B1F_HUMAN,"HLA class II histocompatibility antigen, DRB1-15 beta chain (DW2.2/DR2.2) (MHC class II antigen DRB1*15)",HLA-DRB1 HLA-DRB2
ENSG00000196126,P04229,2B11_HUMAN,"HLA class II histocompatibility antigen, DRB1-1 beta chain (MHC class II antigen DRB1*1) (DR-1) (DR1)",HLA-DRB1
ENSG00000196126,Q29974,2B1G_HUMAN,"HLA class II histocompatibility antigen, DRB1-16 beta chain (MHC class II antigen DRB1*16) (DR-16) (DR16)",HLA-DRB1
ENSG00000196126,Q9GIY3,2B1E_HUMAN,"HLA class II histocompatibility antigen, DRB1-14 beta chain (MHC class II antigen DRB1*14) (DR-14) (DR14)",HLA-DRB1
ENSG00000196154,P26447,S10A4_HUMAN,Protein S100-A4 (Calvasculin) (Metastasin) (Placental calcium-binding protein) (Protein Mts1) (S100 calcium-binding protein A4),S100A4 CAPL MTS1
ENSG00000196712,P21359,NF1_HUMAN,Neurofibromin (Neurofibromatosis-related protein NF-1) [Cleaved into: Neurofibromin truncated],NF1
ENSG00000196792,Q13033,STRN3_HUMAN,Striatin-3 (Cell cycle autoantigen SG2NA) (S/G2 antigen),STRN3 GS2NA SG2NA
ENSG00000196924,P21333,FLNA_HUMAN,Filamin-A (FLN-A) (Actin-binding protein 280) (ABP-280) (Alpha-filamin) (Endothelial actin-binding protein) (Filamin-1) (Non-muscle filamin),FLNA FLN FLN1
ENSG00000197375,O76082,S22A5_HUMAN,Solute carrier family 22 member 5 (High-affinity sodium-dependent carnitine cotransporter) (Organic cation/carnitine transporter 2),SLC22A5 OCTN2
ENSG00000197496,O95528,GTR10_HUMAN,"Solute carrier family 2, facilitated glucose transporter member 10 (Glucose transporter type 10) (GLUT-10)",SLC2A10 GLUT10
ENSG00000197594,P22413,ENPP1_HUMAN,Ectonucleotide pyrophosphatase/phosphodiesterase family member 1 (E-NPP 1) (Membrane component chromosome 6 surface marker 1) (Phosphodiesterase I/nucleotide pyrophosphatase 1) (Plasma-cell membrane glycoprotein PC-1) [Includes: Alkaline phosphodiesterase I (EC 3.1.4.1); Nucleotide pyrophosphatase (NPPase) (EC 3.6.1.9) (Nucleotide diphosphatase)],ENPP1 M6S1 NPPS PC1 PDNP1
ENSG00000197616,P13533,MYH6_HUMAN,"Myosin-6 (Myosin heavy chain 6) (Myosin heavy chain, cardiac muscle alpha isoform) (MyHC-alpha)",MYH6 MYHCA
ENSG00000197646,Q9BQ51,PD1L2_HUMAN,Programmed cell death 1 ligand 2 (PD-1 ligand 2) (PD-L2) (PDCD1 ligand 2) (Programmed death ligand 2) (Butyrophilin B7-DC) (B7-DC) (CD antigen CD273),PDCD1LG2 B7DC CD273 PDCD1L2 PDL2
ENSG00000197859,Q86TH1,ATL2_HUMAN,ADAMTS-like protein 2 (ADAMTSL-2),ADAMTSL2 KIAA0605
ENSG00000198246,Q9BZD2,S29A3_HUMAN,Equilibrative nucleoside transporter 3 (hENT3) (Solute carrier family 29 member 3),SLC29A3 ENT3 UNQ717/PRO1380
ENSG00000198523,P26678,PPLA_HUMAN,Cardiac phospholamban (PLB),PLN PLB
ENSG00000198712,P00403,COX2_HUMAN,Cytochrome c oxidase subunit 2 (Cytochrome c oxidase polypeptide II),MT-CO2 COII COX2 COXII MTCO2
ENSG00000198727,P00156,CYB_HUMAN,Cytochrome b (Complex III subunit 3) (Complex III subunit III) (Cytochrome b-c1 complex subunit 3) (Ubiquinol-cytochrome-c reductase complex cytochrome b subunit),MT-CYB COB CYTB MTCYB
ENSG00000198836,O60313,OPA1_HUMAN,"Dynamin-like 120 kDa protein, mitochondrial (EC 3.6.5.5) (Optic atrophy protein 1) [Cleaved into: Dynamin-like 120 kDa protein, form S1]",OPA1 KIAA0567
ENSG00000198947,P11532,DMD_HUMAN,Dystrophin,DMD
ENSG00000198951,P17050,NAGAB_HUMAN,Alpha-N-acetylgalactosaminidase (EC 3.2.1.49) (Alpha-galactosidase B),NAGA
ENSG00000203867,Q5T481,RBM20_HUMAN,RNA-binding protein 20 (RNA-binding motif protein 20),RBM20
ENSG00000204264,P28062,PSB8_HUMAN,Proteasome subunit beta type-8 (EC 3.4.25.1) (Low molecular mass protein 7) (Macropain subunit C13) (Multicatalytic endopeptidase complex subunit C13) (Proteasome component C13) (Proteasome subunit beta-5i) (Really interesting new gene 10 protein),PSMB8 LMP7 PSMB5i RING10 Y2
ENSG00000204386,Q99519,NEUR1_HUMAN,Sialidase-1 (EC 3.2.1.18) (Acetylneuraminyl hydrolase) (G9 sialidase) (Lysosomal sialidase) (N-acetyl-alpha-neuraminidase 1),NEU1 NANH
ENSG00000205981,Q96DA6,TIM14_HUMAN,Mitochondrial import inner membrane translocase subunit TIM14 (DnaJ homolog subfamily C member 19),DNAJC19 TIM14 TIMM14
ENSG00000213281,P01111,RASN_HUMAN,GTPase NRas (Transforming protein N-Ras),NRAS HRAS1
ENSG00000213639,P62140,PP1B_HUMAN,Serine/threonine-protein phosphatase PP1-beta catalytic subunit (PP-1B) (PPP1CD) (EC 3.1.3.16) (EC 3.1.3.53),PPP1CB
ENSG00000220201,P0C6A0,ZGLP1_HUMAN,GATA-type zinc finger protein 1 (GATA-like protein 1) (GLP-1),ZGLP1 GLP1
ENSG00000244734,P68871,HBB_HUMAN,Hemoglobin subunit beta (Beta-globin) (Hemoglobin beta chain) [Cleaved into: LVV-hemorphin-7; Spinorphin],HBB
ENSG00000256223,P21506,ZNF10_HUMAN,Zinc finger protein 10 (Zinc finger protein KOX1),ZNF10 KOX1
ENSG00000263761,Q9UK05,GDF2_HUMAN,Growth/differentiation factor 2 (GDF-2) (Bone morphogenetic protein 9) (BMP-9),GDF2 BMP9
ENSG00000265107,P36382,CXA5_HUMAN,Gap junction alpha-5 protein (Connexin-40) (Cx40),GJA5
ENSG00000269335,Q9Y6K9,NEMO_HUMAN,NF-kappa-B essential modulator (NEMO) (FIP-3) (IkB kinase-associated protein 1) (IKKAP1) (Inhibitor of nuclear factor kappa-B kinase subunit gamma) (I-kappa-B kinase subunit gamma) (IKK-gamma) (IKKG) (IkB kinase subunit gamma) (NF-kappa-B essential modifier),IKBKG FIP3 NEMO
ENSG00000111245,P10916,MLRV_HUMAN,"Myosin regulatory light chain 2, ventricular/cardiac muscle isoform (MLC-2) (MLC-2v) (Cardiac myosin light chain 2) (Myosin light chain 2, slow skeletal/ventricular muscle isoform) (MLC-2s/v) (Ventricular myosin light chain 2)",MYL2 MLC2
ENSG00000160808,P08590,MYL3_HUMAN,"Myosin light chain 3 (Cardiac myosin light chain 1) (CMLC1) (Myosin light chain 1, slow-twitch muscle B/ventricular isoform) (MLC1SB) (Ventricular myosin alkali light chain) (Ventricular myosin light chain 1) (VLCl) (Ventricular/slow twitch myosin alkali light chain) (MLC-lV/sb)",MYL3
ENSG00000172399,Q9NPC6,MYOZ2_HUMAN,Myozenin-2 (Calsarcin-1) (FATZ-related protein 2),MYOZ2 C4orf5
ENSG00000148677,Q15327,ANKR1_HUMAN,Ankyrin repeat domain-containing protein 1 (Cardiac ankyrin repeat protein) (Cytokine-inducible gene C-193 protein) (Cytokine-inducible nuclear protein),ANKRD1 C193 CARP HA1A2
ENSG00000150281,Q16619,CTF1_HUMAN,Cardiotrophin-1 (CT-1),CTF1
ENSG00000115641,Q14192,FHL2_HUMAN,Four and a half LIM domains protein 2 (FHL-2) (LIM domain protein DRAL) (Skeletal muscle LIM-protein 3) (SLIM-3),FHL2 DRAL SLIM3
ENSG00000078114,O76041,NEBL_HUMAN,Nebulette (Actin-binding Z-disk protein),NEBL LNEBL
ENSG00000198626,Q92736,RYR2_HUMAN,Ryanodine receptor 2 (RYR-2) (RyR2) (hRYR-2) (Cardiac muscle ryanodine receptor) (Cardiac muscle ryanodine receptor-calcium release channel) (Type 2 ryanodine receptor),RYR2
ENSG00000134755,Q02487,DSC2_HUMAN,Desmocollin-2 (Cadherin family member 2) (Desmocollin-3) (Desmosomal glycoprotein II) (Desmosomal glycoprotein III),DSC2 CDHF2 DSC3
ENSG00000057294,Q99959,PKP2_HUMAN,Plakophilin-2,PKP2